id,company_count,country_count
19995,4,2
285,3,1
206647,3,2
49026,4,1
49529,1,1
559,3,1
38757,2,1
99861,3,1
767,2,2
209112,6,1
1452,4,1
10764,1,2
58,3,4
57201,6,1
49521,5,2
2454,7,4
24428,2,1
1865,3,1
41154,5,1
122917,5,2
1930,3,1
20662,4,2
57158,4,2
2268,4,2
254,4,3
597,3,1
271110,5,1
44833,4,1
135397,5,1
37724,1,2
558,3,1
68721,1,2
12155,5,1
36668,11,3
62211,2,1
8373,7,1
91314,8,1
68728,2,1
102382,4,1
20526,6,1
49013,2,1
44912,3,1
10193,2,1
534,4,4
168259,10,2
72190,7,2
127585,7,2
54138,4,1
81005,6,1
64682,6,2
9543,2,1
68726,4,2
38356,4,1
217,2,1
105864,2,1
62177,2,1
188927,7,1
10681,3,1
5174,1,1
14161,4,2
17979,2,1
76757,4,1
258489,7,3
411,2,2
246655,6,1
155,5,2
14160,1,1
15512,1,1
1726,1,1
44826,3,3
8487,4,1
1735,5,2
297761,5,1
2698,7,1
137113,6,2
9804,4,1
14869,5,2
150540,2,1
278927,4,2
10138,1,1
58595,2,1
102651,3,1
119450,3,1
79698,7,3
64686,5,1
100402,1,1
10192,1,1
158852,3,1
177572,2,1
82690,1,1
5255,3,1
47933,4,1
10191,3,1
296,6,3
118340,4,2
157336,5,3
27205,3,2
315011,2,1
49051,4,2
9799,4,2
4922,3,1
49538,9,1
131634,3,2
27022,5,1
503,6,1
241259,5,2
810,2,1
68735,4,4
87101,3,1
10140,3,1
676,2,1
1858,9,1
1966,8,6
675,2,2
674,3,2
8960,7,1
6479,6,1
118,6,3
2062,2,1
272,6,2
10527,1,1
18360,6,2
2080,8,1
605,4,2
109445,2,1
604,5,2
76338,1,1
76341,3,2
13448,4,2
10195,1,1
13053,1,1
19585,3,1
57165,5,2
62213,7,2
177677,7,2
7978,3,1
5559,3,1
49444,1,1
10196,5,1
956,7,3
117251,4,1
50321,1,1
11619,2,2
266647,4,1
82703,4,1
652,6,3
80321,1,1
36669,1,2
43074,7,1
95,3,1
608,4,1
2310,4,1
140300,4,2
56292,6,3
81188,1,1
7552,3,1
616,4,3
147441,4,3
13475,4,2
557,2,1
82702,2,1
205584,5,2
10048,5,1
13183,6,1
944,3,1
1927,4,1
72559,6,1
7364,10,4
2114,3,2
1771,1,1
36643,2,2
8619,4,1
50620,3,1
65759,4,1
1724,4,1
267935,5,2
281957,9,4
77950,1,1
44896,5,1
270946,1,1
2503,5,2
9502,1,1
102899,1,1
101299,2,1
228161,2,1
74,4,1
8961,2,1
417859,1,1
27576,4,1
86834,4,1
17578,7,2
673,3,2
6972,5,3
82700,3,1
10567,2,1
181533,5,2
38055,1,1
671,3,2
49524,3,1
22,2,1
131631,2,1
591,4,4
172385,2,1
36658,6,1
51497,3,1
58574,5,1
18823,5,1
861,3,1
1911,1,1
49040,5,1
415,2,2
8871,2,2
435,5,1
955,3,2
2133,3,1
1979,7,3
87827,6,3
1250,7,2
324668,5,3
9471,4,1
70981,4,2
10996,2,1
68724,7,1
2789,2,1
97020,3,2
7459,6,3
42888,3,1
37834,5,1
75612,5,1
1895,1,1
1894,1,1
585,2,1
76170,6,2
1893,1,1
49519,1,1
2395,12,5
12100,2,1
290595,3,1
98566,3,1
49047,3,2
9619,2,1
308531,5,3
166424,7,1
1593,4,2
254128,4,3
714,1,2
2024,4,2
163,5,1
787,5,1
262500,4,1
2567,8,1
38745,4,1
40805,3,1
53182,6,1
41513,3,1
13700,1,1
262504,4,1
39254,9,2
77931,5,1
1639,2,1
80274,6,1
1571,5,2
120,3,2
10204,7,4
8489,1,1
10588,3,1
2048,6,2
1495,10,5
10137,3,2
10198,2,1
286217,6,1
1635,3,1
24113,1,0
9679,2,1
98,7,2
180,7,1
672,3,3
36557,3,5
869,3,1
280,5,2
11322,7,1
4982,5,2
36955,2,1
18487,5,1
39451,6,1
27581,2,1
9268,2,2
68718,2,1
10545,1,1
11688,2,1
76163,2,1
2059,4,1
2486,7,3
16523,5,1
116711,2,1
37710,11,4
9946,1,1
1372,7,2
106646,5,1
414,2,2
563,3,1
83542,8,4
41216,4,2
314,6,1
184315,4,1
9016,2,1
18162,4,1
138103,6,2
257088,4,3
10214,2,2
205775,8,1
11692,4,2
22972,5,4
227973,2,1
29193,4,1
1734,3,1
3131,3,2
76758,3,2
9408,2,1
9890,3,1
855,3,2
77953,4,1
18,2,1
37786,4,1
10501,2,1
57800,2,1
150689,4,2
7980,6,3
12,1,1
122,2,2
121,3,2
68737,6,4
1995,7,1
157353,4,3
331,2,1
61791,7,1
8204,2,1
47964,9,1
10733,2,1
9806,2,1
1408,4,4
32657,8,2
607,3,1
863,1,1
44048,5,1
5175,1,1
2655,3,1
22794,2,1
8355,2,1
116745,8,1
4327,1,1
1422,5,2
10674,2,1
7446,4,3
65754,6,3
1572,2,1
10528,5,3
271969,4,1
10865,2,1
258509,5,1
2253,4,2
10661,4,1
257344,2,1
644,4,1
10756,3,1
686,2,1
9383,2,2
179,6,4
76285,6,1
1996,7,4
291805,4,4
10003,3,1
1535,6,2
2067,4,1
46195,2,1
2277,5,2
10357,1,1
4477,1,1
8665,6,4
9387,2,1
921,5,1
49852,4,2
4464,5,1
664,4,1
8358,4,1
9836,2,1
2502,5,2
9772,3,2
161,6,1
52451,5,4
76492,2,1
4523,4,1
59961,4,1
10481,2,1
59108,4,1
1581,4,2
9798,4,1
22897,5,1
298,4,1
7484,1,1
157350,2,1
853,8,4
10159,6,1
9593,2,1
1904,4,1
9615,1,2
51052,3,1
297,2,1
9884,4,1
16858,2,1
62764,6,1
22538,2,2
9341,6,3
12107,2,1
9637,3,1
49049,5,4
9339,4,1
16281,3,1
39691,1,2
8247,3,2
11253,6,2
1949,3,1
8452,1,1
310,4,1
27578,1,1
954,2,1
70160,2,1
45243,4,1
364,2,2
7518,2,1
11544,2,1
9986,2,2
8656,4,1
146216,4,3
9291,5,1
55301,1,1
109418,3,1
11665,8,3
6964,3,1
11324,4,1
12193,5,1
9928,2,1
754,6,1
10202,3,1
4147,3,1
50546,2,1
1701,5,1
13027,4,2
2289,5,4
20504,2,1
9574,2,1
11618,2,1
2300,3,1
12096,5,1
10200,5,2
8834,3,1
228150,6,3
6068,4,1
41515,5,2
9023,2,1
38317,7,1
2157,4,1
14462,3,1
161795,3,1
159824,2,1
49948,1,1
2135,2,1
9822,2,1
9705,5,2
1656,2,2
12159,1,2
9678,3,1
4442,8,3
75,1,1
330770,15,3
9433,1,1
19959,4,1
11973,2,1
11228,2,1
77951,7,4
5491,5,1
10715,6,2
10197,2,2
9562,5,1
9922,2,1
9447,1,1
274854,7,1
8870,5,2
9992,4,1
36970,16,4
10077,16,4
76649,5,3
293644,2,2
453,3,1
8587,2,1
72545,3,1
109451,2,1
9533,2,2
2023,3,2
71880,3,1
584,4,1
309809,6,1
4858,4,2
17711,4,2
328111,4,1
8698,5,4
93456,2,1
602,2,1
330,2,1
953,3,1
9693,3,2
36657,6,1
8909,9,2
9802,2,1
950,2,1
1824,4,1
2976,4,2
11026,2,1
332,3,1
75656,4,2
38365,3,1
594,3,1
15189,2,1
11678,2,3
6538,3,1
10555,3,1
1125,3,1
4551,4,1
612,7,3
9567,4,1
37821,3,1
203801,4,1
2539,2,1
9297,5,1
3172,7,1
6520,2,1
1439,1,2
37958,2,1
2026,7,2
7450,3,1
11375,2,1
9425,4,1
25769,4,1
23685,3,1
11866,4,1
9741,4,1
211672,2,1
23629,4,1
8688,4,2
10153,4,1
153518,5,2
8676,2,1
20829,6,1
4349,5,2
9718,2,1
10808,3,1
197,3,1
25,4,2
35,2,1
11086,4,1
10477,4,3
1997,5,2
6947,3,1
3050,3,1
2675,3,1
809,3,1
920,2,1
4806,4,1
7451,3,1
228165,6,1
3595,2,1
16869,5,2
879,2,1
1573,3,1
9257,5,1
1903,3,1
9697,3,1
395,11,5
23398,3,1
10590,3,2
117263,2,1
200,1,1
44943,3,1
587,4,1
10395,1,1
57212,4,1
152760,5,2
2756,3,1
33909,4,1
49017,5,1
9882,3,1
2270,5,3
978,4,1
44564,4,1
3132,3,1
8814,7,4
8427,1,1
52520,5,1
80585,4,1
10592,4,1
49021,9,2
11535,6,3
10550,6,2
11258,9,5
12610,3,1
59981,2,2
201088,3,1
5137,6,2
3093,4,3
107846,7,1
188207,1,1
4614,5,1
24021,5,1
11371,3,2
20352,2,1
11517,1,1
214756,5,1
26428,7,1
9824,3,1
48988,2,1
9008,5,1
300673,4,1
12113,3,2
38778,6,1
72331,5,1
1844,2,2
846,2,2
9703,4,4
857,5,1
136797,6,4
3981,4,1
425,3,1
6171,5,1
72976,7,2
603,4,2
568,2,1
9021,3,1
82695,4,2
9489,1,1
12133,5,1
9342,2,1
41733,3,1
227306,3,1
5551,6,1
9350,6,3
9208,3,1
4244,1,1
1852,4,1
11820,2,1
76493,1,1
345,4,2
196867,5,1
256591,3,1
59962,3,1
36648,6,1
1880,2,1
9440,2,5
71679,1,4
10483,6,3
11412,3,1
11983,2,1
6795,4,1
550,6,2
11170,4,1
9292,2,1
10783,2,2
100241,4,2
257,3,4
9947,8,2
189,7,1
12618,1,1
253412,6,3
1427,7,3
818,5,1
16577,4,3
329,2,1
12160,4,1
9331,2,1
300168,9,2
9072,2,1
3536,3,2
9087,2,1
12177,3,3
12138,3,1
273248,3,1
9955,1,1
50359,2,1
1271,7,1
693,4,1
14306,2,1
497,3,1
11199,2,1
9982,2,1
210577,6,1
2501,5,3
710,2,2
2275,4,2
37165,2,1
9837,2,1
10708,3,1
136400,4,1
10992,6,1
9654,2,2
2642,4,2
8916,3,1
19899,4,1
2119,2,1
9641,3,1
294254,3,1
38167,3,1
5994,1,1
39514,4,1
9563,3,1
547,2,1
1538,4,1
9334,4,3
11128,5,1
75780,4,1
8914,4,2
13576,1,1
39538,5,2
10628,3,2
14836,2,1
8645,5,3
9509,5,2
10067,3,1
9384,5,1
9279,2,1
1487,4,1
9422,3,1
77174,2,1
4824,9,1
9620,6,2
9302,2,1
10199,1,2
10771,3,1
3512,5,1
137094,6,2
274479,4,1
267860,4,3
8078,2,1
7485,3,1
170687,1,1
6435,5,1
137106,10,1
10040,3,1
6278,5,3
82682,4,1
17610,3,1
22954,6,1
16995,5,3
16558,4,2
9849,1,1
5820,8,1
16866,3,3
201,1,1
11775,4,1
87825,2,1
12201,4,2
11015,9,5
9932,6,2
13389,5,1
8838,2,1
17332,6,1
4958,5,1
786,3,1
9513,3,2
11679,3,1
38321,5,1
14411,1,1
8413,3,2
10052,6,2
9676,8,3
9664,4,2
2100,1,1
10384,4,2
137321,3,1
123553,4,1
11260,6,1
9009,4,1
11374,2,1
2309,2,3
8285,6,1
210860,4,1
2312,3,3
9839,5,2
381902,1,2
13922,2,1
293660,5,1
9713,2,1
190859,6,1
257445,7,2
9007,3,1
889,2,1
1370,2,1
4942,4,2
347969,1,1
24438,4,1
116741,5,1
35791,3,4
72431,3,1
1813,6,2
87428,3,1
8840,1,1
10589,3,1
71676,7,2
1722,2,3
10022,2,2
11358,6,1
13,1,1
6477,4,1
1597,4,1
10530,2,1
1924,3,2
9327,2,1
8488,2,1
10603,2,1
8273,4,1
109424,1,1
35056,3,1
8839,3,1
156022,6,1
7303,1,1
8963,2,1
1402,4,1
9315,2,1
8984,2,1
795,5,2
24,3,1
11353,1,1
393,3,1
9618,1,1
9374,1,1
8584,3,2
2320,2,1
58224,4,1
1729,4,2
175574,2,1
8077,2,2
8818,2,2
8195,2,3
10586,2,2
116149,9,1
80035,8,1
10632,2,1
12117,2,1
1792,2,1
13260,4,1
72197,3,1
3580,3,1
12123,3,1
9566,2,1
9833,4,2
4517,3,1
8202,6,1
16072,3,1
34314,2,1
19724,5,1
145220,2,1
14623,3,2
42297,1,1
2841,10,1
802,3,2
10375,1,1
36586,8,2
11321,4,1
70074,8,2
242,1,2
9621,4,1
1819,3,1
8536,3,2
8046,3,1
1717,5,1
479,2,2
9444,5,1
824,2,2
11456,1,1
261023,7,2
3683,4,1
22803,3,1
285923,8,1
39437,2,1
1950,5,1
640,3,1
97630,3,1
9767,3,1
11631,5,3
32856,3,1
6519,4,1
8741,3,2
49520,4,1
1850,1,1
524,4,2
26389,8,2
11817,1,1
2123,2,1
9907,3,2
9969,4,1
18239,5,1
808,3,1
38050,4,1
8367,2,1
9390,2,1
72105,3,1
2898,2,1
10312,4,1
109443,3,1
2022,4,1
37686,4,1
462,1,1
9919,1,2
187017,8,1
628,1,1
10201,4,1
302699,4,1
9441,2,1
274167,3,1
224141,3,1
388,3,1
2112,2,1
10329,2,1
74465,4,1
13811,6,3
6877,3,1
10320,3,1
50646,1,1
8920,3,1
13673,3,1
60308,2,1
6950,4,1
225574,7,3
13836,2,1
752,8,3
6038,5,2
9975,3,1
11451,2,1
12103,7,2
60304,6,2
2251,4,1
46529,4,1
231,6,1
300671,5,3
228326,4,2
9754,5,2
66,3,1
4421,6,1
2649,3,1
588,4,4
10393,1,1
71552,1,1
9631,2,2
216282,4,1
306,2,1
928,2,1
205587,4,1
6623,1,1
1577,2,5
9801,6,5
2116,3,1
9624,1,1
14199,1,1
1907,1,2
4599,3,1
22832,9,2
10390,2,1
9879,2,1
38579,1,1
44603,4,1
11892,3,1
9691,6,2
1248,7,4
12220,2,1
72710,4,1
10782,2,1
9573,2,1
4959,4,3
10061,2,1
10386,1,1
421,2,1
316152,3,1
11615,5,3
13498,2,1
241554,3,1
2252,9,3
11968,3,1
10047,2,1
38319,2,1
69668,2,2
9770,2,1
11212,1,1
10533,2,1
38363,2,2
9923,5,3
11863,1,1
18501,2,1
109491,4,1
9275,4,3
329833,2,1
12634,3,1
10416,1,1
47327,5,1
15268,2,4
10796,4,1
9548,2,1
18947,6,3
1900,5,2
89,2,1
96724,3,2
198184,8,3
9481,2,1
4547,2,1
53953,0,0
6415,6,1
181283,3,4
9896,3,2
167,4,3
11232,2,1
1636,3,1
2148,3,1
5176,4,1
260346,9,2
1389,2,1
9894,1,1
7504,1,2
8592,1,1
913,2,1
11091,1,1
1368,1,1
593,3,1
5393,4,2
9095,2,1
8874,1,1
11467,3,1
320,3,1
199,2,1
20533,1,1
10684,1,1
1624,2,1
325789,1,1
113464,3,2
888,3,1
82675,6,1
4256,2,1
1493,4,1
88751,2,1
11130,1,1
9944,1,1
10731,3,1
7350,3,1
9869,2,1
4379,4,2
146233,3,1
2034,5,2
926,2,1
4248,4,2
64328,1,1
36647,4,1
7214,3,2
1537,1,1
9360,6,3
6282,2,1
508,4,2
9487,2,1
768,2,2
2636,3,2
10478,2,1
27983,2,1
9981,1,1
7453,4,1
15045,3,1
7737,4,5
232672,4,1
17379,1,1
8987,3,1
11359,3,1
82525,3,1
9759,1,2
9486,2,2
9906,4,1
841,1,1
4688,2,1
4148,6,2
2207,8,2
9381,8,2
9625,2,1
9304,1,1
20856,5,2
5955,5,1
9899,2,1
9826,3,2
21355,2,1
10858,2,1
11439,4,3
9457,3,2
12412,4,2
1494,1,2
13184,7,1
2185,1,1
6639,2,1
38153,2,1
58233,1,3
116977,2,1
68734,3,1
5503,1,1
27573,4,1
819,3,1
1369,2,1
9623,1,1
10895,2,1
10935,2,1
834,2,1
228066,4,2
711,4,1
10468,1,1
10027,7,3
11812,1,1
37233,3,1
37950,3,1
27582,5,1
64688,5,1
509,4,2
7443,4,1
5966,2,1
11066,1,1
136795,6,1
8095,3,3
87826,3,1
11560,6,1
25189,2,1
2637,1,1
18480,1,1
709,1,2
49730,3,2
2749,4,2
9607,5,2
1830,6,3
79,2,1
54054,2,1
228967,2,1
46528,1,2
27936,9,1
65,2,1
280391,2,1
9476,4,1
10610,3,2
745,4,1
49527,2,1
73937,6,1
1885,3,1
168672,3,1
18240,3,1
10398,1,2
165,3,1
240832,5,2
216015,3,1
12279,1,1
1645,2,1
11007,2,1
193756,11,1
11287,2,1
259693,7,2
37799,3,1
10184,3,3
4257,1,1
4234,3,1
196,3,1
257091,2,1
6114,3,1
24803,3,1
109410,1,1
1213,4,1
100042,4,1
9036,6,1
257211,2,1
323675,4,1
9361,1,1
1677,4,1
187,3,1
7461,5,1
16538,3,1
9889,1,1
820,4,1
11565,9,1
6073,4,2
16996,2,1
193610,2,1
19912,3,1
296098,8,3
8007,2,1
32823,4,1
4380,1,1
11551,3,1
10336,3,1
11362,4,1
50348,3,1
48138,7,3
1124,3,1
227159,3,1
68179,3,2
1579,3,1
708,2,2
34851,4,1
9930,3,1
1586,4,1
2044,4,1
9913,6,2
71864,1,1
10761,2,2
209451,1,1
11975,2,1
4970,3,1
11831,1,1
9096,2,1
440,4,1
11011,3,1
10641,2,1
11172,4,1
39513,4,2
82687,2,1
41446,1,1
8224,3,1
10537,4,1
225886,4,1
10385,4,2
55779,3,1
10154,2,2
10647,2,1
11431,6,2
8457,2,1
188161,4,1
8850,1,1
64685,3,1
38357,2,1
10060,3,1
11398,4,2
1833,3,1
10391,3,1
8970,2,1
9306,1,1
11370,8,4
12184,6,2
1921,2,1
1683,5,1
203,1,1
11858,2,2
62835,6,1
18937,1,1
13536,5,1
15556,1,1
10718,3,2
11062,2,1
10802,3,2
1887,6,3
6071,1,1
10461,4,1
80278,9,2
12704,1,1
10315,4,1
16643,6,2
2687,5,2
194,9,2
11025,3,1
8849,2,2
78698,3,2
30943,2,1
9544,8,4
24418,1,1
7288,2,2
14655,1,1
24575,1,1
10366,2,1
19898,2,2
4965,4,1
15074,3,1
56715,3,2
1272,4,2
72358,4,1
20542,2,1
266396,11,4
9978,3,3
8271,4,1
10428,2,1
5353,1,2
11934,5,3
14392,9,2
19495,4,2
110415,5,4
77459,2,1
26486,4,1
9495,5,1
256040,1,1
24420,4,1
1257,2,1
62214,1,1
16320,2,1
8842,5,2
9531,3,2
64807,2,1
12289,3,1
11529,1,1
20943,2,1
9099,2,1
9488,1,1
193,1,1
44865,6,2
55787,5,1
257932,1,3
10400,3,1
1957,1,1
10833,2,1
256961,6,1
5852,5,1
12312,5,1
622,10,3
11306,3,1
12508,5,1
25793,1,1
10534,3,1
1091,2,1
87421,3,1
10871,3,1
13503,1,1
13600,2,1
68722,3,1
14324,6,4
14325,3,2
299687,4,1
312221,4,1
23168,4,1
76494,4,1
4944,5,3
10488,1,1
96721,5,2
334,3,1
23742,1,1
259694,3,1
62837,2,1
8966,6,1
8470,3,1
11001,1,2
138832,6,1
16911,4,1
2163,3,1
36670,3,3
23048,3,1
227735,4,1
2155,2,1
8409,4,2
222936,2,1
31908,2,1
10219,2,1
48171,7,3
782,2,1
75531,7,1
11802,5,1
9776,2,1
18785,4,2
365222,1,1
817,2,1
268,3,2
45054,0,0
943,2,1
22881,3,1
10054,3,1
51540,2,1
44264,4,1
350,5,1
152,1,1
109431,3,1
1598,4,1
8065,2,1
271718,4,1
11638,4,1
409,2,2
2118,3,1
11459,3,1
10806,2,1
9348,1,1
377,2,1
8843,5,2
9313,1,2
39486,3,1
1273,5,1
13920,2,1
50544,3,1
325133,4,1
140823,5,3
1883,3,1
89492,1,1
22949,2,1
12437,4,1
2959,6,2
9957,3,1
11648,3,1
9366,4,1
1576,4,4
609,2,1
5516,3,1
13051,6,2
49530,3,1
34806,2,1
49022,3,1
11469,6,1
23479,1,1
11667,2,2
423,16,4
2447,3,1
10066,3,1
2288,1,1
88794,3,1
13515,5,2
11979,5,2
169,4,1
8090,3,1
11622,3,1
3604,2,1
9541,4,1
94348,1,1
8197,2,1
336004,4,1
35019,5,3
10410,2,1
8836,4,2
14442,2,2
321741,6,3
59965,6,1
14175,2,1
11004,8,4
11918,1,1
98357,9,1
10012,4,2
49526,1,1
268920,4,1
9093,6,2
119283,1,1
11823,1,2
35169,5,2
118957,7,2
849,2,4
4515,6,1
18886,1,1
6575,2,1
6440,1,1
13496,1,1
18320,1,2
22787,8,3
8967,3,1
37498,5,3
144336,5,1
9616,3,2
13056,6,3
14113,2,1
285783,3,1
49478,4,2
9726,2,1
20763,3,1
9702,1,1
9311,2,3
9280,2,2
26843,1,2
11876,3,1
22267,2,1
45958,6,2
1969,6,3
310706,1,1
198663,6,1
239573,4,1
10436,1,1
1381,5,1
2162,2,1
127493,3,1
12429,8,1
228205,2,1
2900,2,1
21311,1,1
77875,3,1
192136,5,2
18254,2,1
881,1,1
10877,3,2
9600,2,2
202575,4,2
71469,5,2
85446,1,1
326,1,1
10685,1,1
7220,5,2
9763,3,2
72387,5,1
12596,6,2
1892,2,1
13460,6,4
8055,9,2
50647,3,1
10719,3,2
9294,1,1
11888,1,2
9647,1,1
9353,3,1
55721,3,1
109414,4,1
10307,2,1
11978,1,1
22907,1,1
87567,2,1
38322,7,1
45612,2,2
7305,2,1
3594,3,2
157841,3,2
11519,3,1
12920,2,0
59,3,3
9335,7,2
12106,1,2
11141,4,3
8649,3,1
31867,4,2
10253,2,1
3587,3,1
124459,3,1
24662,3,1
32274,1,1
182,3,1
5494,3,4
28,2,1
38073,2,1
2054,4,1
302156,6,2
606,2,1
87502,3,1
698,2,3
120467,6,3
11313,1,2
6488,3,1
10559,1,1
296099,3,1
8012,2,1
1574,3,1
9032,1,1
2770,3,1
862,1,1
1637,1,1
72570,2,1
27569,2,1
10637,4,1
1669,3,1
132363,6,1
9472,3,2
2907,3,1
9273,2,1
9880,3,1
2925,1,1
807,3,1
17654,10,4
11836,4,1
322,4,1
70,5,1
9535,4,2
11036,1,1
6557,3,1
18126,3,1
16340,3,2
10333,1,1
4476,3,1
22947,6,1
2755,2,1
82654,1,1
59967,4,2
16300,2,1
9598,2,2
82696,5,1
9870,2,1
8292,2,1
8780,2,1
9715,2,1
10521,7,1
10762,2,1
10096,3,1
59436,5,2
227783,4,2
4133,1,1
10207,3,1
172,1,1
21972,5,1
36593,1,1
707,1,4
533,2,2
6023,3,1
6439,1,2
4347,4,3
37056,2,1
4105,3,1
76489,1,1
3933,6,1
9918,1,1
273481,3,1
307081,2,1
16871,5,1
293863,3,1
13156,1,1
41233,2,1
9266,4,2
1262,2,1
4513,4,2
22970,2,1
7278,2,1
9013,2,1
865,4,1
10776,1,1
50456,4,3
9823,2,1
59861,3,1
133805,3,1
12763,2,1
9766,1,1
14034,1,1
12244,5,1
109421,4,1
11137,5,2
51162,2,1
10152,1,1
9452,1,1
239566,3,1
53113,1,1
9271,1,1
4474,4,1
184346,3,1
48340,6,2
14846,2,1
72207,5,1
16232,1,1
43539,3,2
9920,2,1
8978,4,2
11702,1,1
18550,1,1
8869,5,2
43347,6,1
3489,3,1
9701,3,1
2122,6,1
37707,4,3
10658,2,1
13150,5,2
9042,5,2
17813,4,1
11208,3,1
58151,1,2
11400,5,1
10350,6,2
28902,2,1
14164,7,1
76640,1,1
11058,4,2
14844,5,2
57089,1,1
1947,7,2
8054,12,3
46829,1,2
146238,5,1
9989,4,2
9665,2,1
311,2,2
102362,2,1
11162,1,4
6016,4,4
17186,1,1
13967,1,2
2008,0,3
9053,6,3
4512,6,3
76349,1,2
31203,10,2
265208,7,1
45610,11,1
50135,2,1
1874,1,2
271331,2,1
215211,10,5
367961,1,1
10955,3,3
223702,6,2
254470,3,1
69,5,2
4967,3,1
9449,2,2
11499,3,1
4912,3,1
12771,1,2
323676,1,1
12506,1,1
24071,1,1
11249,1,2
9667,7,2
812,1,1
277216,6,1
87,2,1
14444,2,1
2043,6,3
315664,3,2
1428,3,1
562,3,1
15373,6,1
318846,3,1
26320,1,1
14292,1,1
924,5,1
2018,6,1
192577,1,1
9428,1,1
2832,2,1
137093,5,1
699,2,2
9778,3,1
8831,6,2
9398,9,2
112949,2,1
10439,1,1
3638,5,2
23483,2,2
62206,1,3
10577,3,1
218778,3,1
4348,5,3
78,3,3
11780,2,2
192102,6,2
2001,3,1
10383,1,1
11516,14,5
10025,3,1
15198,1,2
23172,3,1
17834,2,1
10016,3,1
10317,2,1
58431,6,1
9746,1,1
13092,6,1
59859,2,2
13495,4,1
254473,4,2
700,1,2
4964,2,1
10024,3,1
13490,2,1
15927,4,2
1259,6,1
5125,3,1
174,1,1
9583,2,1
9437,2,1
525,1,1
10188,0,1
63574,4,1
245,1,2
9825,3,1
186,6,2
9549,2,1
61891,2,2
34584,6,2
2666,2,2
12783,6,1
13155,2,2
42807,2,1
28355,4,2
8080,4,3
5126,1,1
56288,1,1
303858,5,1
1613,9,2
31582,1,1
16617,10,4
8944,4,1
41488,9,3
37028,1,1
14560,4,1
10330,3,1
6957,2,1
1934,3,1
169917,8,1
951,2,1
10189,2,1
9454,1,1
2055,4,1
1551,2,1
5902,2,2
11460,3,1
9358,2,1
134,5,3
22894,1,1
134374,2,1
1901,1,1
15028,3,1
11509,1,1
7445,5,1
17047,5,1
62838,1,1
2057,1,2
70436,1,4
16784,4,2
8011,4,3
31640,4,2
9092,2,1
2779,2,2
316002,1,1
36355,3,1
238615,2,1
1985,7,4
615,2,1
788,2,1
380,2,1
13223,7,2
10523,3,1
8681,9,3
239571,1,1
619,3,1
424,2,1
50014,6,3
162903,5,2
11024,2,1
208763,2,3
6466,7,3
254024,6,3
12589,3,1
7191,2,1
1497,2,2
117,1,1
6977,4,1
168530,4,1
634,5,4
392,3,2
10327,3,1
88042,6,1
41630,3,1
11969,2,1
2085,2,1
794,2,2
9286,6,3
77877,4,1
1265,3,1
866,2,2
175555,1,1
75174,6,2
11096,4,1
8699,1,1
769,1,1
10923,5,2
11283,6,3
111,1,1
11676,1,1
746,6,4
77866,9,3
9416,1,1
7345,3,1
14317,3,1
20694,2,1
12277,1,1
9779,3,1
2140,6,2
12620,4,1
14177,1,1
198185,1,1
227156,4,1
10735,6,1
11351,4,1
10030,2,2
10623,2,1
590,3,1
9655,2,1
1268,2,3
11237,2,1
190955,16,2
5123,3,1
4518,3,1
11932,2,2
11165,1,2
6116,1,1
57431,3,1
21724,3,1
278,1,1
9290,3,2
11543,2,1
284536,4,1
152737,2,1
13374,3,2
8976,4,1
319888,4,3
9469,2,1
1909,2,1
22971,1,1
34813,5,1
46261,5,3
10431,6,2
8051,3,1
9352,3,1
10167,2,2
18147,0,0
17170,4,2
18975,3,5
15487,1,1
22825,5,1
11152,5,3
1831,2,1
43931,2,1
10591,4,1
10861,1,1
12770,3,1
276907,3,3
10074,1,1
65055,1,1
10397,2,2
200505,2,1
11954,3,1
60309,2,1
9787,2,2
293646,4,2
6978,2,1
133698,2,1
59440,4,1
1770,2,2
10655,2,1
8988,4,1
15992,3,2
17707,4,1
77883,2,2
40001,1,1
64639,1,1
9903,4,1
21338,2,1
20766,4,1
24264,3,0
19803,1,1
20309,3,1
9912,8,4
9067,1,1
27360,0,2
8338,13,3
168705,1,1
72113,11,4
9729,1,1
94352,1,1
22256,2,1
12404,3,1
152742,6,1
11699,7,1
49953,3,2
48034,3,1
39845,2,2
25353,1,1
36696,1,2
109091,9,2
38543,10,2
33157,3,2
290864,3,2
242166,4,2
859,3,2
83770,13,4
168,1,1
1246,4,1
4233,4,1
174751,5,1
184098,1,1
2069,6,2
1788,2,1
11635,2,1
177,1,1
3600,3,1
2621,2,1
10358,2,1
10480,3,2
10313,3,2
18828,1,1
3558,4,2
13476,1,1
10208,2,1
24961,2,1
20697,2,1
20761,1,1
70868,1,1
43593,6,1
6478,1,3
40688,1,0
26672,3,1
45881,0,3
41283,4,1
4935,5,1
19908,3,1
10663,1,1
1891,2,1
9737,2,1
37137,1,1
9532,3,1
10316,5,1
2787,1,1
12658,2,1
152601,2,2
10866,5,1
227707,12,3
21349,2,1
19150,1,1
70435,2,2
580,1,1
9819,3,1
13579,1,1
20024,1,2
2453,3,1
6973,5,1
11156,14,2
354110,3,1
22215,18,3
11632,2,2
30596,1,1
3021,3,1
957,2,1
256917,2,2
251,1,1
544,1,1
11395,2,1
14635,3,1
13680,3,1
688,3,1
11090,2,1
783,6,2
228194,7,3
1642,1,1
10950,1,1
235260,2,1
277,5,4
8999,3,2
11323,5,1
10445,2,1
11453,3,1
146239,2,1
205588,6,2
10878,3,1
82650,1,1
10279,2,1
2294,3,1
2176,1,1
270487,3,1
19366,4,2
204082,2,1
24100,1,3
1599,6,2
5550,1,1
30379,2,1
42586,2,1
17709,3,1
287948,1,3
7548,2,1
9075,17,3
11661,7,8
109513,4,1
12085,2,1
204922,6,3
38985,3,1
44113,2,1
21494,0,1
164457,5,1
4566,3,1
17795,3,1
1073,5,1
153158,9,2
81836,4,3
10724,1,1
9473,6,1
2196,6,1
1499,3,2
20857,4,2
82693,1,1
1646,3,2
44944,1,1
4108,4,2
8456,3,1
7341,2,1
19255,3,1
10187,1,1
31005,5,1
49517,6,3
44857,4,1
50780,4,2
16363,2,1
1946,8,3
85,2,1
772,2,1
840,3,1
9682,1,1
96,3,1
10678,2,1
274,2,1
8872,1,1
16290,1,2
579,1,1
14405,1,1
138843,3,1
11637,3,1
226486,2,1
1584,6,2
9312,2,1
12153,4,1
65057,3,1
8326,4,1
35690,1,1
76203,5,2
13497,1,1
35688,2,1
162,1,1
296096,3,1
103370,1,1
1051,3,1
376659,3,1
10073,3,2
16690,5,3
273895,5,2
14873,4,2
8968,4,1
9963,3,1
15655,1,1
21208,4,4
272878,4,1
9760,4,1
314365,5,2
13279,2,1
1975,3,1
33644,1,1
1649,2,1
9895,2,1
9570,1,1
27579,5,2
16052,2,1
40264,2,1
1164,4,4
239678,3,1
14359,2,1
3989,2,2
76617,2,1
1710,2,1
4258,1,1
20391,3,1
10139,1,1
335778,4,1
9645,5,2
55465,2,1
617,2,1
19904,1,1
48289,3,1
243,2,2
6933,4,3
17182,1,1
8848,5,3
38,3,1
38303,3,1
1266,4,1
107985,4,1
14043,3,1
19901,5,2
34016,2,1
59860,6,2
10069,4,1
9588,2,2
12819,3,2
9954,1,1
10115,3,2
25132,1,2
577,2,1
328387,3,1
12690,3,1
9945,6,1
539,3,1
13596,5,1
226857,3,1
13159,2,1
47941,0,1
526,2,1
22796,2,1
2355,5,1
5915,4,1
9842,1,1
61012,2,2
755,4,1
13682,1,1
9089,3,1
9470,1,2
18357,1,1
7979,10,2
470,3,1
15644,3,1
9582,2,1
10642,1,1
22074,2,1
2428,1,1
290751,8,3
13805,3,1
4597,4,1
9414,4,1
63492,3,1
81796,3,1
10710,6,1
15092,3,1
11382,1,1
15005,1,1
8198,3,1
6963,3,2
15070,2,1
12797,3,1
17134,5,1
41402,4,2
18885,3,2
4953,3,2
10773,0,1
146198,5,1
2639,1,1
10563,2,2
295964,3,1
5971,1,1
9716,1,1
11835,5,1
26171,3,1
31117,2,3
9074,1,1
14396,1,1
15673,1,1
42618,1,1
171274,3,1
24432,0,3
109417,1,1
13948,1,1
106747,7,1
10929,2,1
14220,3,1
46435,4,2
256962,2,2
48231,6,4
3509,4,1
82684,2,1
12142,5,3
23367,3,1
10740,5,4
241239,7,2
14582,4,1
14914,4,1
3902,9,1
77948,6,1
21755,3,1
4960,1,1
128,4,1
14652,0,1
40932,1,1
16608,7,2
334531,2,1
32316,1,1
7299,2,1
13405,5,3
19457,2,1
112937,0,1
314385,3,2
8953,3,1
29078,5,1
46503,1,1
10448,5,1
13688,1,1
10353,4,1
43935,3,1
11458,0,2
44638,2,1
241257,6,2
14538,2,3
13250,8,3
133931,7,1
280871,1,1
239897,0,1
184341,4,2
334074,4,2
199373,9,1
14202,10,3
6968,8,3
581,2,2
52449,2,1
12150,1,1
11247,4,2
4232,2,1
9378,4,2
694,3,2
105,3,1
11377,2,1
26367,1,1
385383,1,1
41210,3,1
12090,3,2
62630,3,2
16110,3,2
29427,4,1
129,1,1
244114,3,2
2669,1,2
203833,3,2
13523,3,1
25195,5,2
17277,2,1
50725,4,2
82631,3,1
73191,1,1
22479,3,1
340611,1,1
10065,4,1
2757,6,1
11683,4,3
244339,2,2
1878,5,1
23082,7,1
195589,3,1
854,2,1
2280,3,1
496,2,1
8835,2,1
157,1,1
8643,3,1
10402,3,1
218043,1,1
9043,1,1
21301,1,1
10147,3,2
816,3,2
302688,4,2
60307,2,1
106,6,1
279,1,1
8617,1,1
10625,3,1
10934,4,2
5279,1,3
10013,2,1
194662,5,1
160588,1,1
9829,4,3
10028,3,1
10535,1,1
790,3,1
43959,5,1
10364,2,1
16991,2,1
9610,1,1
1578,1,1
25643,6,3
11904,2,1
28665,3,1
44115,7,2
10569,1,1
10560,1,1
333348,3,1
20483,5,1
11457,1,1
321697,6,1
19840,5,2
22327,1,1
38665,1,1
2575,2,2
11644,1,1
146227,10,2
68924,3,2
253235,3,1
22102,2,1
18701,1,0
10068,5,1
848,2,1
36811,2,3
522,1,1
130150,3,1
12246,5,3
13809,4,1
27380,2,2
10549,2,2
33870,1,1
245703,3,1
10739,4,3
127560,6,2
37903,4,4
396152,0,0
10017,3,2
11468,2,1
193613,2,1
17436,1,2
43434,4,2
31166,7,5
69848,6,3
8408,3,2
332411,4,1
9389,4,3
9626,3,2
75638,11,2
8363,2,1
15670,2,1
290555,3,2
8328,3,1
10982,3,1
205,8,5
1620,6,2
175541,2,1
241254,4,1
31932,0,1
1933,7,4
679,3,2
11113,1,1
3597,3,1
193893,3,1
9675,3,1
9988,1,1
948,2,1
21765,2,1
146304,1,1
7516,5,3
41439,3,2
2752,3,3
9429,2,1
38117,3,1
9792,4,2
13778,2,1
228203,2,1
41382,2,1
13960,1,1
114150,1,1
26602,2,1
10223,1,1
16028,4,1
15639,1,1
16112,3,1
26390,5,1
27759,2,1
109428,3,1
23049,2,2
9310,2,1
11411,4,2
16988,16,3
7304,4,2
24747,4,1
58048,2,1
1491,6,2
2989,1,1
10629,2,3
255343,6,3
4723,9,3
10800,1,1
25763,1,1
79694,4,1
4032,2,1
18615,3,1
10673,1,1
4584,2,2
2977,3,2
10760,3,1
11093,3,1
207,2,1
8467,2,1
639,2,1
24226,1,1
9285,2,1
14709,2,1
74643,7,2
13788,4,1
83666,5,1
10781,5,1
318850,1,1
13908,3,1
1417,3,3
39180,5,2
16161,2,1
49950,2,1
10956,2,1
9594,1,1
4638,5,1
13972,1,1
5038,6,2
13491,17,1
10571,1,1
10994,5,2
19994,2,1
25166,2,1
30890,1,1
23169,1,1
17403,3,1
12120,2,1
9800,2,1
1090,2,1
18475,1,1
40160,3,1
18074,3,1
9689,1,1
9781,5,1
8009,2,2
3877,4,1
8854,3,1
152599,2,1
18840,3,5
68727,4,2
12657,1,1
8265,9,1
12410,0,2
34647,2,4
73935,2,1
28178,6,2
185567,7,2
264656,3,2
35696,2,1
16351,3,2
38717,0,1
18777,4,1
2110,5,2
9035,1,2
90,2,1
771,2,1
12154,2,1
9576,5,1
744,1,1
146,8,4
14,2,1
45269,8,1
9493,1,1
22556,1,1
873,3,1
33196,3,1
205596,2,1
10765,1,1
16769,1,1
33217,3,2
132232,3,2
11153,1,1
208134,3,1
1165,8,4
4011,2,1
17202,1,1
9587,1,1
65086,8,3
10053,2,1
11870,1,1
11778,2,2
586,3,1
18736,2,1
134411,5,2
287903,2,1
9276,2,1
15765,1,1
2142,3,1
11397,3,1
77016,7,1
11478,4,2
266856,1,1
13411,3,1
10564,2,1
947,1,1
24150,3,1
228970,3,1
18405,3,1
6961,3,1
11442,1,1
2493,3,1
14047,3,1
64690,6,1
11132,1,2
17127,1,1
1562,6,2
232679,2,1
17880,1,1
14736,1,1
9434,3,1
23706,5,1
11531,2,1
9100,1,1
116,1,5
38843,2,1
1245,2,2
4995,3,1
10413,1,1
14012,3,2
9793,3,1
12212,3,2
13768,1,1
8975,3,1
342521,1,1
45272,3,1
9424,5,2
97367,3,1
254904,3,2
18681,1,3
12162,6,1
11495,2,1
64689,5,1
157849,8,3
13166,4,1
15511,3,1
37003,2,1
12211,2,1
13816,3,1
51828,2,2
22798,7,1
7501,1,1
10743,3,3
37718,1,1
15237,3,2
9686,1,1
17644,2,1
97430,2,2
12257,3,1
13539,2,1
68,1,1
14024,4,1
115,3,2
7874,1,1
4911,6,3
1988,3,4
16222,1,1
9557,2,2
9026,1,3
57943,0,0
18276,3,1
8321,5,2
72359,2,1
10186,1,1
25704,4,1
133694,6,2
19265,4,2
36047,1,1
8053,2,2
2290,4,3
5236,2,1
6552,3,1
1018,5,2
10075,5,4
38031,1,2
42188,3,2
112430,0,0
6687,9,4
13853,6,1
31306,2,1
8461,4,6
331592,2,2
47692,3,2
19,2,1
10045,3,1
400,1,1
253450,6,4
9104,3,3
11190,1,1
16353,1,1
23759,6,2
24206,5,2
10185,4,1
75033,0,0
74536,1,1
31668,0,2
13501,3,3
15208,8,4
172391,1,1
262543,2,1
9288,4,3
370980,1,1
20083,1,1
40880,1,1
137,1,1
264999,2,1
454,2,1
53457,9,1
288980,1,1
33,2,1
1951,21,7
12405,4,3
10998,1,1
114,2,1
9396,1,2
319910,1,1
2604,2,1
864,1,1
14435,1,1
1931,1,1
691,3,2
9877,4,3
62008,0,1
12227,3,1
13824,1,1
71688,8,2
15173,1,1
8291,1,1
13950,1,1
12158,1,1
11586,1,1
10008,7,2
2830,1,1
12403,5,1
34563,4,1
14557,2,1
10368,4,2
10280,2,1
12637,2,1
34152,2,1
14434,1,2
11470,3,1
10741,3,1
24940,1,1
82679,4,1
2013,8,2
1440,3,1
18041,4,1
28029,4,2
1123,3,4
14033,0,1
87729,2,1
16899,7,2
41317,3,1
245700,7,1
37842,10,2
9045,6,3
44092,6,3
16005,0,1
44754,4,1
23988,1,2
43949,1,1
142,4,2
9603,1,1
10712,1,1
243938,3,1
10876,5,3
86838,4,1
25208,3,1
613,7,3
1913,11,3
97370,10,3
801,2,1
70829,0,0
54518,3,1
44214,4,1
240,2,1
9816,2,1
10131,1,1
339984,2,1
8859,2,1
11967,2,1
239563,4,1
222899,3,1
4951,3,1
10985,3,1
9644,1,1
332567,3,1
1954,5,2
15489,2,1
15250,1,1
22345,3,1
9448,1,1
38223,3,1
11186,1,1
136835,1,1
5876,2,1
264660,4,1
492,3,1
25462,1,1
238603,2,1
10691,2,1
1251,4,2
5172,1,1
58680,3,1
264644,8,2
14577,2,2
11592,2,1
16406,1,3
19052,0,1
3682,4,1
9683,1,1
2084,3,2
107811,4,1
2266,3,1
13074,4,1
144340,1,1
48217,3,2
28211,3,3
47502,2,1
9950,1,2
84892,2,1
24227,3,1
9672,4,1
44853,8,3
157544,4,1
59678,3,1
79777,1,1
158011,6,1
407887,1,1
17043,7,2
8952,1,1
62204,2,3
13435,2,1
17187,1,1
319,4,1
59457,1,3
9504,3,1
37414,2,1
6217,2,1
26688,2,1
43867,2,1
6615,3,1
14574,3,2
16,26,12
39780,3,3
21612,1,1
36691,3,1
23631,4,1
45324,7,1
12144,6,2
11658,1,1
56601,5,1
9552,2,1
578,2,1
2105,4,1
126319,6,3
10136,1,1
67660,1,1
10611,1,1
154,1,1
3049,2,1
860,2,1
9281,1,1
75674,2,1
9762,4,1
3179,3,1
184,1,1
13335,1,1
76726,4,1
10269,3,2
36819,1,1
17130,2,1
57214,2,1
11202,1,1
9357,2,1
13812,3,1
9030,2,1
19084,4,1
8386,3,1
10437,2,1
1360,4,3
101267,4,1
222935,3,1
10220,2,1
284296,3,1
31915,1,1
11601,1,1
205220,6,1
11354,1,1
16241,2,2
14191,2,2
286565,1,1
26710,0,1
129670,2,1
9059,2,1
34549,2,1
57157,3,1
1948,4,1
28353,2,1
46889,2,1
38093,3,1
14976,1,1
11027,3,2
3635,3,2
387,5,1
6020,1,1
122906,2,1
9550,1,2
60599,8,1
227719,4,1
14299,1,1
19419,2,0
12088,3,2
14799,1,1
9466,2,1
7510,1,1
31246,1,1
61752,2,1
10944,2,2
10362,3,2
14778,4,2
1255,4,1
45226,0,1
10212,5,3
8669,1,1
179144,14,1
16857,3,1
86825,3,1
844,4,5
8060,3,2
15907,4,1
38448,6,2
327,6,3
9260,5,2
61337,3,2
13079,1,1
89325,2,1
4170,1,2
41508,0,4
12479,1,1
44555,2,1
10133,2,1
21345,5,2
173931,0,0
61984,13,1
50601,4,1
26466,7,2
345003,0,1
236751,3,1
107,3,2
357837,0,1
8913,1,1
13889,4,1
18530,4,4
358451,3,2
927,2,1
11,2,1
291870,6,1
907,1,2
206563,3,2
11887,1,1
45317,1,1
12094,1,1
10377,3,1
249164,2,1
256092,2,2
9942,2,1
10748,3,1
1817,1,1
10229,4,1
687,3,2
796,3,1
22804,2,4
10156,2,1
12837,4,1
17708,2,1
13937,2,1
28932,2,1
31909,1,1
167073,4,2
3175,3,2
14369,4,1
16888,1,1
121826,2,1
10646,2,1
12149,3,3
304357,2,2
11184,6,2
766,4,1
20009,2,2
1587,1,1
30973,3,2
11109,9,2
9027,2,3
63020,1,1
86829,3,3
11065,4,1
13888,1,1
42345,2,1
13994,1,1
1590,2,2
62728,3,1
11917,2,1
45138,2,1
80271,4,1
4657,7,1
14395,2,1
24137,2,2
190847,5,2
11056,4,2
62,2,2
601,2,1
13067,3,1
25379,3,1
88641,1,1
58051,0,1
14877,3,1
96399,1,1
304410,7,1
489,3,2
373314,2,1
214,3,1
10890,1,1
1588,1,1
316727,4,2
10314,3,1
663,2,1
11804,9,3
16781,1,1
11873,2,1
9289,2,1
10414,1,1
1970,5,2
9614,3,1
8922,5,2
1648,1,1
17917,3,1
74534,2,3
19405,2,1
9355,1,1
10999,3,1
321258,5,3
44040,4,1
10426,1,1
280092,1,2
13938,3,1
10163,2,3
12182,4,1
1832,2,1
9034,1,1
15301,1,1
10135,3,1
26352,2,1
20616,5,1
9794,1,1
15037,1,1
227,2,1
294272,2,1
11336,3,1
283445,7,1
88036,4,1
10984,3,1
22824,7,1
9526,5,1
39349,4,1
15983,1,1
14544,1,1
11545,1,1
42684,5,1
268238,3,2
8359,7,1
15648,1,1
41823,2,1
11891,2,2
9362,2,1
9902,7,2
14729,1,1
9455,2,1
103731,2,1
10090,7,1
164558,2,1
19905,3,1
17710,5,1
75900,5,1
9515,1,2
27322,2,1
328425,5,1
14120,2,1
10050,1,1
1542,2,1
10490,3,1
87093,4,2
10029,4,1
9893,0,1
11507,2,1
37931,1,1
3472,4,1
87818,5,1
13160,3,1
88005,4,1
52067,1,1
73,3,1
134597,2,1
24034,2,1
14283,2,3
404,9,1
13201,1,2
209403,2,1
7942,3,1
73247,1,1
253331,1,1
34043,3,1
9952,1,1
256924,2,1
82532,1,1
41110,1,1
134371,2,1
2088,3,2
10388,1,1
1640,7,2
25520,11,4
27342,1,1
13689,1,2
67911,2,1
24664,2,1
329440,3,1
47890,2,2
252512,2,1
55720,5,1
9613,8,2
29076,2,1
29339,3,2
68812,2,1
32740,0,0
14195,3,2
73567,4,1
41479,2,1
15394,6,2
10071,3,1
1989,4,3
91076,5,3
12779,3,2
13191,0,1
11770,2,2
12703,3,3
64559,5,2
222649,3,1
115872,0,4
101173,11,3
25350,4,3
10034,2,2
20178,2,1
5072,6,3
18191,1,1
31007,5,1
11546,1,1
41894,0,0
184374,3,1
268171,6,1
78149,2,1
24663,0,0
39037,2,1
22805,1,1
39055,1,1
245846,1,1
25186,2,1
15017,0,1
12245,2,3
49787,5,1
16358,4,3
7006,2,2
66767,4,1
17622,12,2
283671,3,2
18516,4,3
217708,2,2
42057,3,1
17577,3,1
14608,2,3
34417,1,1
15067,4,1
78383,2,1
43090,8,1
16614,3,1
9700,1,1
10471,1,1
250066,3,2
667,1,1
208869,1,1
86837,3,3
10306,1,1
106845,3,1
11576,2,1
219,1,1
11827,1,1
22820,0,1
31174,2,2
244316,3,2
37737,1,1
62215,19,4
66125,6,1
132316,1,1
348,2,2
30497,2,1
27586,3,1
14811,3,1
660,2,4
68684,1,1
40794,1,1
9400,1,1
16162,2,1
10585,1,1
2359,1,1
238636,5,2
10472,1,1
11282,1,1
6521,2,3
14181,1,1
1621,2,1
9656,1,2
16428,2,1
10705,3,1
8272,5,1
24621,1,1
1619,0,1
9685,1,1
14425,1,1
14624,2,1
10179,2,1
15568,2,1
14057,1,1
12621,0,1
1808,7,1
293670,2,1
67675,3,1
27329,2,1
29514,0,2
250349,4,1
12454,2,2
39806,3,1
15699,1,1
8883,25,7
17926,3,1
291081,4,1
41248,8,1
25968,5,1
9671,2,1
52010,3,1
11588,4,3
43418,5,1
71157,4,1
13483,3,1
333355,2,2
327833,5,3
1547,1,1
25196,3,1
16323,1,1
175528,1,1
8069,3,1
71805,3,3
9451,3,1
16727,2,2
272693,3,1
10696,5,1
150202,1,1
19644,1,1
29963,7,3
26022,3,2
152747,6,1
62676,0,0
20360,0,0
1116,16,8
185008,1,1
11620,1,1
14353,2,1
11818,1,1
680,3,1
11176,2,1
242582,2,1
11217,3,1
15121,3,1
2619,1,1
773,3,1
235,4,1
170,2,1
14114,0,1
10734,2,1
37964,0,0
28121,2,1
40807,2,1
10885,4,1
225565,1,1
16471,0,0
385736,3,1
11971,2,2
668,3,2
11596,1,1
14429,3,1
13751,5,1
9490,1,1
14536,5,2
1359,3,2
9962,3,3
15049,2,1
22821,2,1
42819,1,1
209263,1,1
37735,2,1
59930,1,1
10873,1,1
51588,2,1
23570,2,1
19489,0,1
14629,1,1
8293,2,1
291270,1,1
44009,2,1
1958,6,2
13154,2,1
26618,3,2
43923,1,1
46138,7,1
45791,7,2
26306,1,1
110683,4,1
26963,2,3
198277,4,1
7870,1,1
13072,1,1
153397,3,1
30141,4,1
17044,3,2
10288,3,1
12183,0,2
44147,7,2
12192,3,1
36597,0,0
13197,1,1
10913,3,3
251321,3,3
149,8,1
10425,2,2
49081,0,1
256687,3,1
220488,1,1
1544,9,3
374461,3,1
302,6,2
182873,1,1
21512,3,2
389425,2,1
403,2,1
29461,2,1
33542,2,1
283708,17,1
9388,2,1
1691,3,1
24684,1,2
2610,4,1
11308,3,3
11022,3,2
34341,0,1
15365,1,1
36046,0,0
12569,1,1
24356,2,2
55903,0,0
2577,1,1
103903,0,1
73873,1,2
312113,1,2
14165,1,1
2011,14,2
45650,2,1
7735,1,1
301365,4,3
25941,3,1
29064,1,0
7326,2,1
326284,4,1
681,3,2
238,2,1
535,1,1
19913,3,1
713,4,3
77930,2,1
10727,5,2
253,3,1
17908,2,1
8390,4,4
57119,5,1
3291,7,4
398,7,2
8068,2,1
10803,1,1
682,3,2
10117,2,1
9392,3,1
24977,1,1
79316,3,1
2074,1,1
1696,4,2
308639,3,1
22314,1,1
2662,2,1
77156,0,1
12573,5,3
44718,3,1
11342,1,1
241771,5,1
34653,3,1
11051,2,2
14578,2,1
57825,0,2
9555,4,1
15581,3,1
13006,4,1
16651,1,1
4251,1,1
12400,1,1
39053,1,1
104896,0,0
14112,3,1
12271,3,1
71859,2,2
226354,4,2
48620,0,1
33676,2,2
37080,2,2
25388,2,1
11687,3,1
39210,4,1
30128,0,0
31535,1,1
44835,8,1
192134,4,1
1956,3,2
24985,1,2
306745,3,1
47088,4,2
110402,3,1
27004,2,1
15013,4,3
8374,3,2
277519,1,2
78381,1,1
164372,1,1
294512,2,1
8879,2,1
13001,2,2
9571,3,1
13649,1,1
325373,0,0
334527,3,1
2211,0,1
13919,3,2
14576,3,1
82505,3,1
46738,3,2
38970,4,1
41009,3,2
7347,8,1
250546,4,1
38415,0,0
650,1,1
16620,2,1
25113,1,1
11033,2,1
34723,1,1
9430,1,1
8998,1,1
10514,1,1
10496,1,1
1591,4,1
76025,6,1
4836,2,1
14631,0,1
87499,1,2
18923,2,1
26665,1,3
28089,1,1
62255,3,2
5708,5,4
218,5,2
338,3,1
21641,5,1
10925,3,1
2293,3,1
621,2,1
792,2,2
1777,2,1
642,3,1
433,1,1
16619,2,1
1725,3,1
11977,2,1
20322,0,1
16158,1,1
629,2,1
10160,1,1
11452,2,1
12163,4,1
32275,2,1
13785,1,1
1103,4,1
36739,2,1
14144,2,1
10622,1,2
13370,1,1
11191,2,1
10215,4,2
25066,2,1
1523,8,3
11361,1,1
92591,5,1
57612,2,2
12509,2,1
15256,1,1
83686,2,1
80304,3,1
28053,5,1
67913,7,1
13991,1,1
1443,1,1
8545,1,1
19556,1,1
231576,3,1
16172,3,1
13403,2,1
15797,2,1
347764,1,2
13537,3,2
20794,1,1
31064,2,1
576,1,1
13990,2,1
11583,2,1
18602,1,2
27549,2,1
59728,2,1
10930,0,1
32395,5,1
58882,1,1
7547,3,1
35944,0,2
42222,1,1
13827,0,1
44260,0,0
9282,3,2
38940,3,2
35689,1,1
97614,5,2
37206,2,2
58626,1,1
183894,0,0
837,4,1
1555,1,1
244783,1,1
16564,5,2
168027,2,1
3482,3,2
135595,0,2
8982,3,2
89861,0,2
455,4,4
57022,0,0
14351,3,1
147767,0,0
10664,1,1
55567,0,0
9277,1,1
9443,5,1
16186,1,0
7863,4,1
138697,3,1
11901,2,1
1548,5,3
11889,3,2
33155,1,1
5528,5,3
321,1,1
4997,1,2
925,2,1
27451,2,1
73532,0,3
979,7,1
193722,2,1
7913,2,1
253253,0,1
51995,1,1
13173,1,1
22908,0,2
70670,4,2
84204,5,2
25248,3,1
230266,1,2
16633,1,1
63006,0,0
91586,2,1
215,5,1
333371,3,1
9012,4,1
345911,3,1
72571,4,1
242512,9,2
10072,2,1
211954,4,1
82990,4,1
29912,1,1
11843,4,1
11284,1,1
504,1,1
173,1,1
227348,3,1
1955,1,2
152532,4,1
243940,3,1
77,4,1
157547,5,1
2295,2,1
71,6,2
147773,3,1
16096,0,1
24266,1,1
16508,1,1
2895,1,1
15660,1,1
59968,4,1
323677,4,2
19848,1,1
256274,3,1
235271,2,1
45153,0,0
284293,4,1
24973,1,1
21610,3,1
10283,3,1
8346,5,2
122081,8,2
10987,1,1
1391,3,1
747,8,3
14745,2,1
26748,3,1
11357,1,1
24913,3,2
13776,1,1
14854,3,1
50357,3,2
13090,3,1
192141,3,1
16441,2,1
29996,1,1
351819,1,1
14834,0,1
22649,1,1
378200,2,1
20455,2,2
13193,0,1
11042,9,2
10786,2,2
12484,4,1
17339,1,1
11959,2,1
9900,2,1
14662,1,1
335,3,3
15745,1,1
17431,4,1
21014,0,1
78394,2,2
10217,2,1
46332,6,1
13996,2,1
3028,0,1
1024,4,1
343795,2,1
45658,2,1
16148,3,1
4553,5,2
36351,4,1
245916,2,1
27585,1,1
1415,1,2
313922,2,1
14474,3,1
199933,1,1
13685,2,1
8744,2,1
38428,0,1
8847,1,1
39269,1,1
46838,1,2
51384,0,0
56930,1,1
41730,2,1
18442,0,1
298312,2,1
11600,2,1
71547,1,2
57876,1,1
77495,3,1
13849,4,1
14849,1,1
12486,1,1
19615,0,0
244403,3,1
292481,1,1
340816,1,1
78814,2,1
297596,2,2
299552,2,3
11935,2,2
113406,1,1
447027,1,1
290825,3,1
361159,2,1
12555,0,2
31175,2,1
12498,1,1
77949,5,1
1690,6,1
8435,6,1
64720,4,1
49365,1,1
11404,0,1
300706,1,1
16337,1,1
11577,1,1
77987,5,5
40185,0,1
68202,0,1
8981,6,1
10914,1,3
50848,4,1
166624,3,2
10822,4,3
10844,0,1
9336,2,1
5689,1,1
712,3,1
13342,2,1
10339,2,1
1429,2,1
9303,2,1
641,1,1
27686,1,1
65749,1,2
6106,1,2
252680,5,1
141,3,1
66607,0,0
17139,2,2
12079,3,1
39800,1,1
4550,7,1
62116,1,1
9991,1,2
13807,2,1
68818,15,4
12093,3,2
36419,3,1
281730,0,1
510,3,1
362105,1,1
10970,1,1
375290,3,1
17663,1,1
270938,1,1
116613,3,1
11826,4,2
29920,3,3
1088,1,1
26379,1,1
34069,7,1
10947,1,1
47452,3,2
3040,4,1
11386,6,3
10246,2,2
29426,5,2
10331,4,1
153,1,2
703,1,1
27191,1,1
1365,2,1
287424,7,2
451,2,1
165864,1,1
987,1,1
241251,4,1
40494,1,1
39781,8,1
8337,3,1
5925,2,1
8357,1,1
146203,2,1
85350,2,1
512,4,1
13408,1,1
47816,0,1
10744,2,1
11536,2,1
9782,3,1
18713,2,1
6537,8,2
184345,2,1
1809,1,2
2370,1,1
9809,1,1
5,2,1
11013,2,1
19153,0,1
10132,2,2
16448,4,1
15122,0,1
8141,7,1
1546,2,1
48572,3,1
14517,2,2
89708,1,1
27551,1,2
64678,3,1
309503,3,1
14293,1,1
15059,3,2
103328,2,1
157847,4,1
25719,5,1
48309,1,1
27723,2,2
20468,0,0
242575,4,2
44945,3,1
29122,4,1
125123,3,1
111190,9,2
133575,4,1
54580,11,3
52015,3,1
34941,3,1
227975,4,2
60422,1,1
81390,3,1
10981,0,1
225235,1,1
14902,1,1
121676,3,3
22301,1,1
20065,0,0
257087,1,1
46420,4,1
114635,1,1
158150,2,1
251979,1,1
874,2,1
10774,2,1
770,2,1
266102,5,4
29715,2,1
25209,1,1
37495,4,1
29262,0,1
34769,3,3
35032,1,1
5178,1,4
8618,3,1
3116,3,1
9427,3,1
813,1,1
352978,4,1
10634,1,1
9516,1,1
16288,2,1
23330,1,1
18900,2,1
27029,1,1
26268,1,1
573,1,1
310131,9,2
40505,2,1
11363,1,1
3033,3,2
25376,9,2
22007,2,1
765,2,1
10615,0,1
205321,3,1
89540,0,1
46146,3,1
38007,0,1
14256,2,1
540,4,1
370464,1,1
20055,1,1
224569,1,1
395766,0,0
39303,2,1
142061,4,1
370662,1,1
252360,0,2
256740,5,1
299145,1,1
241766,0,1
12535,2,1
1667,7,1
50839,4,1
86549,0,0
13973,6,1
244786,3,1
598,7,2
11129,1,2
75861,4,1
13551,3,1
103663,9,2
850,2,2
12586,5,2
11564,1,1
301748,2,1
108346,1,2
8841,2,1
805,2,1
11697,2,1
22051,5,1
436,3,3
55347,3,1
10070,3,1
8469,3,1
658,3,2
125490,3,1
1585,2,1
627,5,1
23618,1,1
41436,3,1
10162,3,3
1430,7,1
259943,1,1
10014,2,1
11257,3,1
158015,5,2
82507,5,1
20337,0,1
261,2,1
1685,2,1
20737,1,2
10991,8,1
10225,1,1
826,2,2
34086,2,1
5854,1,1
284,2,1
10285,2,1
5780,1,1
292,1,1
223485,5,2
29463,4,1
18065,3,1
22013,1,1
821,2,2
53862,1,1
3089,3,1
30139,0,1
132344,4,2
15582,1,1
15158,3,1
44634,0,1
30309,0,0
7509,4,1
10557,3,1
23531,1,1
28005,2,5
40247,3,1
252,2,1
24126,2,1
13982,2,2
16642,1,1
17734,0,1
18892,3,1
549,3,1
121986,3,2
868,4,1
10683,2,1
17995,1,1
246403,4,1
670,2,1
35691,1,1
49010,4,2
317930,0,0
11229,3,1
22488,0,1
24469,4,2
82533,1,1
50942,3,1
84174,2,1
34099,2,1
79940,3,1
342,1,1
281230,0,0
38033,2,1
100975,2,1
38541,7,3
39563,0,0
234212,4,2
27404,2,1
170480,0,0
71866,1,1
192210,3,2
180296,1,1
157058,2,1
70006,0,1
26039,2,1
79587,1,2
176077,2,1
260947,1,1
342502,1,1
191229,0,0
43213,2,1
44594,4,1
666,3,1
248,1,1
325173,4,1
55831,0,0
351043,1,1
43942,4,1
10226,2,1
66942,1,1
356483,1,1
10476,1,1
239,2,1
10281,1,1
630,1,1
3034,4,1
13025,1,1
21461,0,1
55306,2,1
17264,1,1
346081,0,1
16016,3,1
15875,1,1
5900,0,1
43306,1,1
11072,2,1
9730,2,1
209274,9,4
26371,2,1
14137,2,1
291,0,2
14139,4,1
33106,0,1
8875,4,1
872,1,1
72914,0,2
139038,4,1
126509,0,1
9591,3,1
10676,1,1
1687,2,1
24748,1,1
181330,1,1
468,1,1
401,5,1
76,1,3
50538,1,1
25636,1,2
19316,0,1
21074,3,2
84329,6,1
20,2,2
157386,4,1
13007,1,1
13518,0,1
116584,0,0
46849,6,1
40428,0,0
17334,4,3
1698,1,1
20764,1,2
45132,3,1
76706,0,1
254472,2,2
332285,3,1
49471,2,1
13569,1,2
7512,2,1
356216,3,1
11798,4,1
146631,2,1
43546,1,1
61038,1,1
78373,2,1
17820,1,1
74457,3,0
283384,4,2
19933,2,1
756,1,1
433715,1,1
9728,2,1
9731,2,1
9916,0,1
309425,4,1
14156,0,1
43610,1,1
360339,4,3
31163,0,1
297621,1,1
16205,2,1
887,1,1
9517,1,3
6007,1,1
364083,1,1
8329,1,1
69640,0,0
371085,0,0
347548,3,1
322443,1,1
657,3,1
28165,1,1
11561,1,1
270303,3,1
11624,1,1
595,1,1
8810,1,1
12207,2,1
226,5,1
92182,2,2
582,4,1
72213,5,1
990,2,1
55604,1,1
9662,3,4
20862,2,2
2771,0,1
80,3,1
55,2,1
11023,4,1
33667,1,1
39013,2,1
11194,4,1
43839,1,1
1382,1,1
44639,2,1
301351,1,3
4816,7,1
7873,1,1
331190,5,1
15186,3,1
17994,0,2
1378,3,1
8885,3,3
48382,0,0
12901,0,0
250124,3,1
14284,3,2
57120,3,1
12228,0,1
22617,2,1
55561,0,0
42889,2,1
10656,1,1
24363,4,1
13121,1,1
24746,1,1
325140,0,0
12109,0,2
27023,0,1
22913,1,1
273899,2,1
20653,4,2
67373,0,0
171759,1,1
206296,4,1
35219,3,1
28260,1,1
7515,4,2
13075,1,1
335866,2,1
13510,2,1
215881,3,1
18238,1,1
22600,1,1
12612,0,2
50698,3,2
115210,6,1
34335,1,1
459488,1,1
11302,2,1
119458,0,2
20406,4,1
3766,2,1
18616,1,1
18808,1,1
95755,3,1
198062,0,1
188652,0,0
174311,3,1
12602,1,1
153795,3,1
17768,2,2
13516,0,1
98549,3,1
312793,1,1
309919,5,1
299553,3,1
21309,2,1
32235,0,1
329540,1,1
26388,4,3
49020,5,2
159037,3,3
12838,6,1
157293,1,1
14048,5,2
356987,1,1
295886,0,0
38358,3,2
33511,6,2
702,2,1
935,2,2
542,5,1
84175,3,1
1705,2,1
62677,2,1
50875,0,1
260778,2,1
58492,1,1
44562,0,0
37232,1,3
4929,1,1
36334,1,1
9783,1,1
386826,0,0
205126,1,1
98557,0,1
104,2,1
10894,2,1
246449,1,1
32579,4,2
1688,2,1
1999,2,1
43947,3,1
24066,2,1
9709,0,1
191714,1,3
25312,4,2
34106,1,1
11426,1,1
13909,1,1
206284,2,1
27455,2,1
66468,0,0
7973,12,2
283686,7,3
15976,6,2
592,3,1
74084,1,1
1651,3,2
25428,0,0
298584,3,1
10758,1,1
11690,1,1
3083,1,1
9344,1,1
10707,3,1
15647,5,1
308529,2,1
4174,1,1
20156,3,1
9464,0,1
49018,4,2
13820,1,1
18079,2,1
127918,5,0
17113,4,1
129139,2,1
507,1,2
4012,2,1
14054,1,1
323271,0,0
10972,3,1
13066,0,1
66025,0,1
11908,1,1
3082,2,1
39541,0,0
1961,2,1
51820,0,0
291362,1,1
30082,4,1
72913,1,1
23963,2,1
29406,3,1
361505,0,0
104755,5,3
253306,1,1
29595,1,1
46729,1,0
294600,0,0
137347,3,4
290370,1,1
426469,0,0
356841,2,1
301325,2,1
347755,0,1
408,1,1
44413,3,4
39209,3,2
48463,0,0
394047,2,1
312791,1,1
266034,1,1
280381,1,1
2661,4,1
100,5,1
218500,1,1
309,3,2
27845,0,0
25784,0,0
52790,0,0
100275,4,2
295914,2,1
42033,2,1
19187,2,1
46415,1,1
38570,1,1
27588,2,1
223,1,1
9725,2,1
28580,1,1
23730,2,1
84197,0,0
46256,3,1
19997,1,1
43266,1,1
278316,1,1
1412,3,1
176,4,1
39939,2,1
357834,1,2
215924,1,2
480,3,1
14295,3,1
11219,2,1
20770,1,1
176124,2,1
500,3,1
60400,1,1
429,4,4
310569,2,1
98369,1,1
114065,0,0
89750,1,2
49951,0,0
86331,3,1
355629,0,0
16433,0,0
15544,1,1
43884,1,1
107315,0,1
137955,0,1
13064,0,1
59917,0,0
157422,2,1
310933,0,0
7553,2,1
12877,4,1
39895,1,1
102840,0,0
55616,3,1
29697,1,1
50037,1,1
94329,3,3
53502,0,0
202604,0,0
289,1,1
27374,1,1
26815,1,1
811,2,1
1366,1,1
244776,2,2
5769,1,1
277685,2,1
103,3,1
11298,3,1
646,2,2
93856,3,1
9003,4,1
347126,1,1
10092,1,1
10643,1,1
46705,7,1
546,2,1
76487,2,1
5722,1,1
39833,1,1
1781,3,1
18712,1,1
7944,2,2
171424,5,3
361475,4,2
113947,2,1
18570,1,1
83860,0,1
41469,0,1
244772,2,1
50837,4,1
248774,4,1
10183,2,1
159014,1,1
32456,1,1
49963,7,3
13508,3,1
22597,0,1
9707,2,1
37532,0,0
26791,1,1
56666,0,1
8675,3,2
13132,1,1
47686,0,1
46989,0,0
192132,1,1
24424,4,2
13198,1,2
244267,3,1
21413,2,1
123678,4,3
13362,1,1
39183,0,0
62402,0,2
206412,0,0
201132,1,1
251471,2,2
112456,0,0
20296,0,1
25983,2,1
66195,1,1
16155,3,1
46727,4,1
55180,1,1
29015,2,1
91122,1,0
18206,2,1
320146,3,1
13856,1,1
219716,0,0
43630,0,1
56491,0,1
99826,1,1
186935,17,1
357441,0,1
19344,2,1
242083,2,1
18869,0,1
26673,1,1
41830,1,1
37694,0,0
63287,1,1
335874,0,1
34592,1,1
92635,0,0
258755,3,1
96534,0,1
21283,1,1
272724,1,1
84178,2,1
101179,1,1
52462,0,0
269057,2,1
287524,3,1
206213,2,1
248402,0,0
29146,2,1
207769,3,2
271185,4,1
29731,0,0
292539,0,0
654,2,1
91070,2,2
2009,7,2
323270,0,0
2652,1,1
9813,1,1
60421,3,3
157354,2,1
127867,1,1
3170,1,1
14014,3,1
15708,1,1
146882,3,2
215918,0,1
84200,1,1
84184,1,1
45767,1,1
14823,3,1
367551,3,1
343409,1,1
60243,3,2
57294,5,1
11446,0,1
47889,2,1
25461,0,1
905,1,1
279759,0,0
78705,3,1
25212,3,1
26899,0,1
146269,0,0
292483,3,1
14451,7,1
10105,1,1
211557,1,1
838,3,1
40862,0,0
13158,4,1
84332,2,1
74510,3,1
74725,2,1
58428,2,1
8416,4,3
36584,1,0
13429,2,1
9022,1,1
22530,0,0
288,2,1
14275,2,1
2287,4,1
18734,0,1
206197,0,0
26837,1,1
7859,6,1
302579,1,1
51955,0,1
376004,0,0
158752,1,1
40658,0,0
296943,0,1
118612,2,1
138976,0,0
323967,0,1
3080,1,1
2667,2,1
9459,2,1
11598,1,1
26916,0,0
181940,2,1
125263,0,0
263503,0,0
324322,3,1
331493,0,0
375950,5,1
278348,0,1
704,3,1
70875,0,0
75986,2,1
385636,2,1
14438,5,1
211086,1,2
23069,0,1
83,1,1
89857,0,1
30315,1,1
14358,0,1
2056,2,1
41144,0,1
35199,0,0
14271,3,1
16653,1,1
14757,4,3
84401,0,0
23655,0,1
36825,1,1
33430,0,0
12281,1,1
125052,3,1
96238,0,0
30246,0,1
7301,1,0
172533,1,1
180383,1,1
346,1,1
84318,0,0
45145,4,3
13983,0,1
45649,8,2
19844,0,1
21801,0,1
43933,1,1
73511,1,1
43653,0,0
139715,1,1
45380,0,2
30867,0,3
81220,1,1
253626,3,1
294550,0,0
90369,1,1
117942,1,1
380097,0,0
322194,3,1
98568,1,1
119657,0,1
380733,2,1
285743,2,1
362765,1,1
379532,1,1
253261,0,2
297100,0,0
15239,1,1
94072,0,0
4107,4,2
325579,0,0
15624,2,2
17287,2,1
198370,0,0
3062,1,1
328307,0,0
15389,1,1
464,3,1
308467,0,0
8193,6,1
188166,4,1
23827,2,1
1282,2,1
762,4,1
64499,0,1
281189,0,0
1435,0,1
47546,0,0
189711,2,1
19204,1,1
9029,6,1
18045,3,1
11240,3,1
43743,0,0
157909,2,2
10238,2,1
3059,2,1
15800,0,1
65203,1,1
764,1,1
103620,4,2
319069,1,2
14278,1,1
25678,2,1
79161,1,0
371690,1,1
389,2,1
52032,1,1
3078,1,1
38810,3,1
21525,2,1
55123,1,1
11980,1,1
11956,3,1
1550,2,1
162396,0,0
26518,3,1
8942,5,1
68412,1,1
2786,1,2
87943,1,2
73981,4,3
91721,2,1
118452,2,1
47534,0,0
40914,1,0
365052,1,0
13282,1,1
250184,0,1
426067,0,0
324352,1,1
318040,2,2
27420,0,1
80468,0,1
84188,3,1
2255,2,1
50035,0,1
300327,0,0
14290,0,1
29371,0,1
44490,0,1
32222,0,2
378237,1,1
431,7,1
76996,0,1
51942,1,1
1424,1,1
60420,5,1
325123,0,0
142132,2,2
20520,0,1
109729,4,1
78307,2,1
12247,3,1
29917,2,1
70687,0,0
60463,2,1
46252,0,0
24869,1,1
77934,1,1
34697,1,1
320435,0,0
150211,0,0
306667,1,1
274758,0,1
3060,1,1
40963,1,1
173224,1,1
18533,6,1
376010,1,1
139948,1,1
77332,0,0
70478,0,0
35073,1,1
9659,3,1
10218,3,1
391,4,3
43595,1,1
194588,0,0
54897,1,1
83588,0,1
53256,4,1
40920,1,1
287815,0,0
54702,0,1
176074,2,1
69270,3,2
5759,1,1
402515,1,1
126141,1,1
48035,1,1
14758,3,1
13363,1,1
37985,0,1
25786,0,0
36549,0,1
361398,2,1
289180,0,2
288927,0,1
21334,1,1
79120,4,1
27995,1,1
253290,0,1
344466,0,1
55420,1,1
5822,1,1
408429,0,0
39141,4,1
5723,3,1
28666,0,1
30979,0,0
50497,1,1
354624,1,1
13187,1,1
335244,0,1
178862,1,1
331745,0,1
1779,2,1
282128,0,1
86812,1,1
38786,0,0
84355,1,1
18632,1,1
40652,2,1
339408,4,1
266857,0,1
18925,1,1
299245,4,1
985,2,1
34101,0,0
9821,1,1
65448,0,0
18841,3,1
272726,0,0
175291,2,1
80215,1,1
13538,7,1
51130,2,1
270554,1,1
72086,2,2
268917,3,1
64973,0,1
473,4,1
90414,0,1
111794,3,1
360188,1,1
9372,1,1
85860,1,1
244534,1,1
33468,1,1
294086,0,1
139998,0,0
74777,2,1
16388,1,1
159770,2,1
42109,3,1
47607,1,1
193603,0,1
84659,0,0
322745,0,1
20981,1,1
174362,0,0
242095,3,1
250902,2,1
158895,0,1
222250,1,0
18292,0,1
125537,0,1
326576,0,0
228550,0,0
13963,2,1
290391,3,1
44770,0,0
69382,0,0
40769,0,0
220490,0,0
42151,0,1
2292,2,1
42497,1,1
33693,0,1
14585,2,2
185465,0,1
38780,5,2
14022,0,1
366967,0,0
255266,0,1
17345,0,1
226458,4,1
24055,0,0
287625,0,1
44990,0,1
86304,1,0
692,1,1
39851,0,3
13898,1,1
157185,2,1
36095,1,1
182291,1,1
286939,2,1
124606,3,1
14337,1,1
67238,0,0
9367,1,2
72766,0,0
231617,2,1
126186,0,2
25975,2,1
